<?xml version="1.0" encoding="utf-8"?>
<SoundBanksInfo Platform="Windows" BasePlatform="Windows" SchemaVersion="11" SoundbankVersion="134">
	<RootPaths>
		<ProjectRoot>D:\Users\Ewan\Documents\Projets\Mythe_glisse\Mythe_glisse_WwiseProject\</ProjectRoot>
		<SourceFilesRoot>D:\Users\Ewan\Documents\Projets\Mythe_glisse\Mythe_glisse_WwiseProject\.cache\Windows\</SourceFilesRoot>
		<SoundBanksRoot>D:\Users\Ewan\Documents\Projets\Mythe_glisse\Mythe_glisse_WwiseProject\GeneratedSoundBanks\Windows\</SoundBanksRoot>
		<ExternalSourcesInputFile></ExternalSourcesInputFile>
		<ExternalSourcesOutputRoot>D:\Users\Ewan\Documents\Projets\Mythe_glisse\Mythe_glisse_WwiseProject\GeneratedSoundBanks\Windows</ExternalSourcesOutputRoot>
	</RootPaths>
	<DialogueEvents/>
	<StreamedFiles>
		<File Id="453402601" Language="SFX">
			<ShortName>ebauche_finale.wav</ShortName>
			<Path>SFX\ebauche_finale_D79FB2B7.wem</Path>
		</File>
	</StreamedFiles>
	<MediaFilesNotInAnyBank/>
	<SoundBanks>
		<SoundBank Id="1355168291" Language="SFX">
			<ObjectPath>Init</ObjectPath>
			<ShortName>Init</ShortName>
			<Path>Init.bnk</Path>
		</SoundBank>
		<SoundBank Id="3161908922" Language="SFX">
			<ObjectPath>\SoundBanks\Default Work Unit\Main</ObjectPath>
			<ShortName>Main</ShortName>
			<Path>Main.bnk</Path>
			<IncludedEvents>
				<Event Id="378908400" Name="Arrested_event" ObjectPath="\Events\Default Work Unit\Arrested_event" DurationType="OneShot" DurationMin="10.000000" DurationMax="10.000000"/>
				<Event Id="2413921907" Name="Crash_obstacle_event" ObjectPath="\Events\Default Work Unit\Crash_obstacle_event" DurationType="OneShot" DurationMin="2.400000" DurationMax="2.500000"/>
				<Event Id="3625263358" Name="Game_Music_event" ObjectPath="\Events\Default Work Unit\Game_Music_event" DurationType="Infinite"/>
				<Event Id="4173814816" Name="Pick_collectible_event" ObjectPath="\Events\Default Work Unit\Pick_collectible_event" DurationType="OneShot" DurationMin="1.100000" DurationMax="1.100000"/>
				<Event Id="68097940" Name="Police_alarm_event" ObjectPath="\Events\Default Work Unit\Police_alarm_event" DurationType="OneShot" DurationMin="1.700000" DurationMax="1.700000"/>
				<Event Id="2476389456" Name="Police_moto_event" ObjectPath="\Events\Default Work Unit\Police_moto_event" DurationType="Infinite"/>
				<Event Id="1962511028" Name="Roller_destroyed_event" ObjectPath="\Events\Default Work Unit\Roller_destroyed_event" DurationType="OneShot" DurationMin="4.995193" DurationMax="4.995193"/>
				<Event Id="3738053536" Name="Roller_sound_event" ObjectPath="\Events\Default Work Unit\Roller_sound_event" DurationType="Infinite"/>
			</IncludedEvents>
			<ReferencedStreamedFiles>
				<File Id="453402601"/>
			</ReferencedStreamedFiles>
			<IncludedMemoryFiles>
				<File Id="144799100" Language="SFX">
					<ShortName>Sound\Composant.wav</ShortName>
					<Path>SFX\Sound\Composant_10C4C929.wem</Path>
				</File>
				<File Id="565311643" Language="SFX">
					<ShortName>Zbim.wav</ShortName>
					<Path>SFX\Zbim_10C4C929.wem</Path>
				</File>
				<File Id="740365329" Language="SFX">
					<ShortName>Explo_1.wav</ShortName>
					<Path>SFX\Explo_1_D79FB2B7.wem</Path>
				</File>
				<File Id="756809739" Language="SFX">
					<ShortName>Zblam.wav</ShortName>
					<Path>SFX\Zblam_10C4C929.wem</Path>
				</File>
				<File Id="837003393" Language="SFX">
					<ShortName>Sound\Rollers_detruits.wav</ShortName>
					<Path>SFX\Sound\Rollers_detruits_10C4C929.wem</Path>
				</File>
				<File Id="858073751" Language="SFX">
					<ShortName>Moto_Vroum_Vroum.wav</ShortName>
					<Path>SFX\Moto_Vroum_Vroum_D79FB2B7.wem</Path>
				</File>
				<File Id="864317456" Language="SFX">
					<ShortName>Sound\Da_MADAFUCKAZ_Police.wav</ShortName>
					<Path>SFX\Sound\Da_MADAFUCKAZ_Police_10C4C929.wem</Path>
				</File>
				<File Id="1053015446" Language="SFX">
					<ShortName>Sound\Arrestation_2.wav</ShortName>
					<Path>SFX\Sound\Arrestation_2_10C4C929.wem</Path>
				</File>
				<File Id="1064041526" Language="SFX">
					<ShortName>Rollers.wav</ShortName>
					<Path>SFX\Rollers_D79FB2B7.wem</Path>
				</File>
			</IncludedMemoryFiles>
		</SoundBank>
	</SoundBanks>
</SoundBanksInfo>
